source,native,name,p_value,significant,description,term_size,query_size,intersection_size,effective_domain_size,precision,recall,query,parents
GO:BP,GO:0051179,localization,1.6432609212884145e-20,True,"""Any process in which a cell, a substance, or a cellular entity, such as a protein complex or organelle, is transported, tethered to or otherwise maintained in a specific location. In the case of substances, localization may also be achieved via selective degradation."" [GOC:ai, GOC:dos]",5309,1217,395,25907,0.3245686113393591,0.07440195893765304,query_1,['GO:0008150']
GO:BP,GO:0006810,transport,8.190889695703902e-17,True,"""The directed movement of substances (such as macromolecules, small molecules, ions) or cellular components (such as complexes and organelles) into, out of or within a cell, or between cells, or within a multicellular organism by means of some agent such as a transporter or a transporter complex, a pore or a motor protein."" [GOC:dos, GOC:dph, GOC:jl, GOC:mah]",4364,1217,329,25907,0.2703368940016434,0.07538955087076077,query_1,['GO:0051234']
GO:BP,GO:0051234,establishment of localization,1.5592021751540824e-16,True,"""Any process that localizes a substance or cellular component. This may occur via movement, tethering or selective degradation."" [GOC:ai, GOC:dos]",4666,1217,345,25907,0.28348397699260475,0.07393913416202315,query_1,['GO:0051179']
GO:BP,GO:0006996,organelle organization,2.0854493056957332e-15,True,"""A process that is carried out at the cellular level which results in the assembly, arrangement of constituent parts, or disassembly of an organelle within a cell. An organelle is an organized structure of distinctive morphology and function. Includes the nucleus, mitochondria, plastids, vacuoles, vesicles, ribosomes and the cytoskeleton. Excludes the plasma membrane."" [GOC:mah]",3494,1217,274,25907,0.22514379622021363,0.07842014882655982,query_1,['GO:0016043']
GO:BP,GO:0048522,positive regulation of cellular process,7.072963569615356e-13,True,"""Any process that activates or increases the frequency, rate or extent of a cellular process, any of those that are carried out at the cellular level, but are not necessarily restricted to a single cell. For example, cell communication occurs among more than one cell, but occurs at the cellular level."" [GOC:jid]",6095,1217,408,25907,0.3352506162695152,0.06694011484823625,query_1,"['GO:0009987', 'GO:0048518', 'GO:0050794']"
GO:BP,GO:0032502,developmental process,1.7196020455568131e-12,True,"""A biological process whose specific outcome is the progression of an integrated living unit: an anatomical structure (which may be a subcellular structure, cell, tissue, or organ), or organism over time from an initial condition to a later condition."" [GOC:isa_complete]",6873,1217,447,25907,0.36729663105998356,0.0650371017023134,query_1,['GO:0008150']
GO:BP,GO:0048856,anatomical structure development,1.7669530502146837e-12,True,"""The biological process whose specific outcome is the progression of an anatomical structure from an initial condition to its mature state. This process begins with the formation of the structure and ends with the mature structure, whatever form that may be including its natural destruction. An anatomical structure is any biological entity that occupies space and is distinguished from its surroundings. Anatomical structures can be macroscopic such as a carpel, or microscopic such as an acrosome."" [GO_REF:0000021]",6280,1217,416,25907,0.3418241577649959,0.06624203821656051,query_1,['GO:0032502']
GO:BP,GO:0009893,positive regulation of metabolic process,4.230336055456097e-12,True,"""Any process that activates or increases the frequency, rate or extent of the chemical reactions and pathways within a cell or an organism."" [GOC:go_curators]",3493,1217,262,25907,0.2152834839769926,0.07500715717148583,query_1,"['GO:0008152', 'GO:0019222', 'GO:0048522']"
GO:BP,GO:0048518,positive regulation of biological process,4.339520174433193e-12,True,"""Any process that activates or increases the frequency, rate or extent of a biological process. Biological processes are regulated by many means; examples include the control of gene expression, protein modification or interaction with a protein or substrate molecule."" [GOC:jid]",6447,1217,423,25907,0.3475760065735415,0.06561191251744998,query_1,"['GO:0008150', 'GO:0050789']"
GO:BP,GO:0010604,positive regulation of macromolecule metabolic process,1.12395338203369e-11,True,"""Any process that increases the frequency, rate or extent of the chemical reactions and pathways involving macromolecules, any molecule of high relative molecular mass, the structure of which essentially comprises the multiple repetition of units derived, actually or conceptually, from molecules of low relative molecular mass."" [GOC:dph, GOC:tb]",3174,1217,242,25907,0.1988496302382909,0.07624448645242596,query_1,"['GO:0009893', 'GO:0043170', 'GO:0060255']"
GO:BP,GO:0033036,macromolecule localization,1.1336450934340357e-11,True,"""Any process in which a macromolecule is transported to, or maintained in, a specific location."" [GOC:mah]",3054,1217,235,25907,0.19309778142974526,0.07694826457105436,query_1,['GO:0051179']
GO:BP,GO:0051641,cellular localization,1.4745739178774713e-10,True,"""A cellular localization process whereby a substance or cellular entity, such as a protein complex or organelle, is transported to, and/or maintained in, a specific location within a cell including the localization of substances or cellular entities to the cell membrane."" [GOC:tb, GOC:vw]",3493,1217,256,25907,0.21035332785538208,0.07328943601488691,query_1,"['GO:0009987', 'GO:0051179']"
GO:BP,GO:0060255,regulation of macromolecule metabolic process,3.0717625725092076e-10,True,"""Any process that modulates the frequency, rate or extent of the chemical reactions and pathways involving macromolecules, any molecule of high relative molecular mass, the structure of which essentially comprises the multiple repetition of units derived, actually or conceptually, from molecules of low relative molecular mass."" [GOC:dph, GOC:tb]",6153,1217,399,25907,0.3278553820870994,0.06484641638225255,query_1,"['GO:0019222', 'GO:0043170']"
GO:BP,GO:0051246,regulation of protein metabolic process,6.492045118563104e-10,True,"""Any process that modulates the frequency, rate or extent of the chemical reactions and pathways involving a protein."" [GOC:ai]",1667,1217,145,25907,0.11914543960558752,0.08698260347930414,query_1,"['GO:0019538', 'GO:0060255', 'GO:0080090']"
GO:BP,GO:0007275,multicellular organism development,1.2796301464699814e-09,True,"""The biological process whose specific outcome is the progression of a multicellular organism over time from an initial condition (e.g. a zygote or a young adult) to a later condition (e.g. a multicellular animal or an aged adult)."" [GOC:dph, GOC:ems, GOC:isa_complete, GOC:tb]",4907,1217,330,25907,0.27115858668857845,0.06725086610963929,query_1,"['GO:0032501', 'GO:0048856']"
GO:BP,GO:0051128,regulation of cellular component organization,2.460394796641466e-09,True,"""Any process that modulates the frequency, rate or extent of a process involved in the formation, arrangement of constituent parts, or disassembly of cell structures, including the plasma membrane and any external encapsulating structures such as the cell wall and cell envelope."" [GOC:ai]",2537,1217,196,25907,0.16105176663927692,0.07725660228616477,query_1,"['GO:0016043', 'GO:0050794']"
GO:BP,GO:0022402,cell cycle process,3.2109031816804756e-09,True,"""The cellular process that ensures successive accurate and complete genome replication and chromosome segregation."" [GOC:isa_complete, GOC:mtg_cell_cycle]",1235,1217,115,25907,0.09449465899753492,0.0931174089068826,query_1,"['GO:0007049', 'GO:0009987']"
GO:BP,GO:0007049,cell cycle,3.4287583175882768e-09,True,"""The progression of biochemical and morphological phases and events that occur in a cell during successive cell replication or nuclear replication events. Canonically, the cell cycle comprises the replication and segregation of genetic material followed by the division of the cell, but in endocycles or syncytial cells nuclear replication or nuclear division may not be followed by cell division."" [GOC:go_curators, GOC:mtg_cell_cycle]",1640,1217,141,25907,0.11585866885784717,0.08597560975609755,query_1,['GO:0009987']
GO:BP,GO:0019538,protein metabolic process,3.853894130508407e-09,True,"""The chemical reactions and pathways involving a protein. Includes protein modification."" [GOC:ma]",4467,1217,304,25907,0.24979457682826622,0.06805462278934409,query_1,"['GO:0043170', 'GO:0044238']"
GO:BP,GO:0071840,cellular component organization or biogenesis,4.418412230173219e-09,True,"""A process that results in the biosynthesis of constituent macromolecules, assembly, arrangement of constituent parts, or disassembly of a cellular component."" [GOC:mah]",7867,1217,481,25907,0.3952341824157765,0.06114147705605694,query_1,['GO:0009987']
GO:BP,GO:0019222,regulation of metabolic process,5.639424808458539e-09,True,"""Any process that modulates the frequency, rate or extent of the chemical reactions and pathways within a cell or an organism."" [GOC:go_curators]",6679,1217,420,25907,0.3451109285127362,0.06288366521934421,query_1,"['GO:0008152', 'GO:0050794']"
GO:BP,GO:0080090,regulation of primary metabolic process,1.7277637096231295e-08,True,"""Any process that modulates the frequency, rate or extent of the chemical reactions and pathways within a cell or an organism involving those compounds formed as a part of the normal anabolic and catabolic processes. These processes take place in most, if not all, cells of the organism."" [PMID:19211694]",5176,1217,339,25907,0.27855382087099423,0.06549459041731066,query_1,"['GO:0019222', 'GO:0044238']"
GO:BP,GO:0007010,cytoskeleton organization,1.8196327216317764e-08,True,"""A process that is carried out at the cellular level which results in the assembly, arrangement of constituent parts, or disassembly of cytoskeletal structures."" [GOC:dph, GOC:jl, GOC:mah]",1471,1217,128,25907,0.10517666392769104,0.08701563562202583,query_1,['GO:0006996']
GO:BP,GO:0048523,negative regulation of cellular process,1.9373518683391804e-08,True,"""Any process that stops, prevents, or reduces the frequency, rate or extent of a cellular process, any of those that are carried out at the cellular level, but are not necessarily restricted to a single cell. For example, cell communication occurs among more than one cell, but occurs at the cellular level."" [GOC:jid]",5540,1217,358,25907,0.2941659819227609,0.06462093862815885,query_1,"['GO:0009987', 'GO:0048519', 'GO:0050794']"
GO:BP,GO:0045109,intermediate filament organization,3.4413924270566724e-08,True,"""Control of the spatial distribution of intermediate filaments; includes organizing filaments into meshworks, bundles, or other structures, as by cross-linking."" [GOC:ai]",67,1217,20,25907,0.016433853738701727,0.29850746268656714,query_1,"['GO:0045104', 'GO:0097435']"
GO:BP,GO:0048519,negative regulation of biological process,3.8035673301567455e-08,True,"""Any process that stops, prevents, or reduces the frequency, rate or extent of a biological process. Biological processes are regulated by many means; examples include the control of gene expression, protein modification or interaction with a protein or substrate molecule."" [GOC:jid]",5759,1217,368,25907,0.30238290879211177,0.06389998263587428,query_1,"['GO:0008150', 'GO:0050789']"
GO:BP,GO:0048731,system development,4.671887874831166e-08,True,"""The process whose specific outcome is the progression of an organismal system over time, from its formation to the mature structure. A system is a regularly interacting or interdependent group of organs or tissues that work together to carry out a given biological process."" [GOC:dph, GOC:jid]",4155,1217,282,25907,0.23171733771569433,0.06787003610108304,query_1,"['GO:0007275', 'GO:0048856']"
GO:BP,GO:0016192,vesicle-mediated transport,4.772733459629996e-08,True,"""A cellular transport process in which transported substances are moved in membrane-bounded vesicles; transported substances are enclosed in the vesicle lumen or located in the vesicle membrane. The process begins with a step that directs a substance to the forming vesicle, and includes vesicle budding and coating. Vesicles are then targeted to, and fuse with, an acceptor membrane."" [GOC:ai, GOC:mah, ISBN:08789310662000]",1524,1217,130,25907,0.10682004930156122,0.08530183727034121,query_1,"['GO:0006810', 'GO:0009987']"
GO:BP,GO:0070727,cellular macromolecule localization,7.954324109371141e-08,True,"""Any process in which a macromolecule is transported to, and/or maintained in, a specific location at the level of a cell. Localization at the cellular level encompasses movement within the cell, from within the cell to the cell surface, or from one location to another at the surface of a cell."" [GOC:mah]",2603,1217,194,25907,0.15940838126540674,0.07452938916634652,query_1,"['GO:0033036', 'GO:0051641']"
GO:BP,GO:0016043,cellular component organization,8.391711848832631e-08,True,"""A process that results in the assembly, arrangement of constituent parts, or disassembly of a cellular component."" [GOC:ai, GOC:jl, GOC:mah]",7668,1217,464,25907,0.38126540673788,0.0605112154407929,query_1,['GO:0071840']
GO:BP,GO:0010557,positive regulation of macromolecule biosynthetic process,8.645795257205089e-08,True,"""Any process that increases the rate, frequency or extent of the chemical reactions and pathways resulting in the formation of a macromolecule, any molecule of high relative molecular mass, the structure of which essentially comprises the multiple repetition of units derived, actually or conceptually, from molecules of low relative molecular mass."" [GOC:dph, GOC:tb]",2571,1217,192,25907,0.15776499589153656,0.07467911318553092,query_1,"['GO:0009059', 'GO:0009891', 'GO:0010556', 'GO:0010604']"
GO:BP,GO:0045104,intermediate filament cytoskeleton organization,9.955796316801721e-08,True,"""A process that is carried out at the cellular level which results in the assembly, arrangement of constituent parts, or disassembly of cytoskeletal structures comprising intermediate filaments and their associated proteins."" [GOC:ai]",86,1217,22,25907,0.018077239112571898,0.2558139534883721,query_1,"['GO:0007010', 'GO:0045103']"
GO:BP,GO:0006950,response to stress,1.245373226747374e-07,True,"""Any process that results in a change in state or activity of a cell or an organism (in terms of movement, secretion, enzyme production, gene expression, etc.) as a result of a disturbance in organismal or cellular homeostasis, usually, but not necessarily, exogenous (e.g. temperature, humidity, ionizing radiation)."" [GOC:mah]",3917,1217,267,25907,0.21939194741166804,0.06816441153944346,query_1,['GO:0050896']
GO:BP,GO:0045103,intermediate filament-based process,1.2739350186654266e-07,True,"""Any cellular process that depends upon or alters the intermediate filament cytoskeleton, that part of the cytoskeleton comprising intermediate filaments and their associated proteins."" [GOC:ai]",87,1217,22,25907,0.018077239112571898,0.25287356321839083,query_1,['GO:0009987']
GO:BP,GO:0008104,protein localization,1.726143286792467e-07,True,"""Any process in which a protein is transported to, or maintained in, a specific location."" [GOC:ai]",2592,1217,192,25907,0.15776499589153656,0.07407407407407407,query_1,['GO:0070727']
GO:BP,GO:0009891,positive regulation of biosynthetic process,1.7728863222308133e-07,True,"""Any process that activates or increases the frequency, rate or extent of the chemical reactions and pathways resulting in the formation of substances."" [GOC:go_curators]",2697,1217,198,25907,0.16269515201314708,0.07341490545050056,query_1,"['GO:0009058', 'GO:0009889', 'GO:0009893']"
GO:BP,GO:0030154,cell differentiation,2.424489892121027e-07,True,"""The cellular developmental process in which a relatively unspecialized cell, e.g. embryonic or regenerative cell, acquires specialized structural and/or functional features that characterize a specific cell. Differentiation includes the processes involved in commitment of a cell to a specific fate and its subsequent development to the mature state."" [ISBN:0198506732]",4795,1217,313,25907,0.257189811010682,0.06527632950990615,query_1,['GO:0048869']
GO:BP,GO:0048869,cellular developmental process,2.483851289297461e-07,True,"""A biological process whose specific outcome is the progression of a cell over time from an initial condition to a later condition."" [GOC:isa_complete]",4796,1217,313,25907,0.257189811010682,0.0652627189324437,query_1,"['GO:0009987', 'GO:0032502']"
GO:BP,GO:0045935,positive regulation of nucleobase-containing compound metabolic process,4.7000174207919824e-07,True,"""Any cellular process that activates or increases the frequency, rate or extent of the chemical reactions and pathways involving nucleobases, nucleosides, nucleotides and nucleic acids."" [GOC:go_curators]",2007,1217,156,25907,0.12818405916187345,0.07772795216741404,query_1,"['GO:0006139', 'GO:0009893', 'GO:0019219']"
GO:BP,GO:0006796,phosphate-containing compound metabolic process,5.595809519753464e-07,True,"""The chemical reactions and pathways involving the phosphate group, the anion or salt of any phosphoric acid."" [GOC:ai]",2232,1217,169,25907,0.1388660640920296,0.07571684587813621,query_1,['GO:0006793']
GO:BP,GO:0006793,phosphorus metabolic process,6.197436262167309e-07,True,"""The chemical reactions and pathways involving the nonmetallic element phosphorus or compounds that contain phosphorus."" [GOC:ai]",2235,1217,169,25907,0.1388660640920296,0.0756152125279642,query_1,['GO:0008152']
GO:BP,GO:0048583,regulation of response to stimulus,9.37556206799384e-07,True,"""Any process that modulates the frequency, rate or extent of a response to a stimulus. Response to stimulus is a change in state or activity of a cell or an organism (in terms of movement, secretion, enzyme production, gene expression, etc.) as a result of a stimulus."" [GOC:jid]",3939,1217,264,25907,0.21692686935086278,0.06702208682406702,query_1,"['GO:0050789', 'GO:0050896']"
GO:BP,GO:0035556,intracellular signal transduction,1.1440257618886694e-06,True,"""The process in which a signal is passed on to downstream components within the cell, which become activated themselves to further propagate the signal and finally trigger a change in the function or state of the cell."" [GOC:bf, GOC:jl, GOC:signaling, ISBN:3527303782]",2810,1217,201,25907,0.16516023007395234,0.07153024911032028,query_1,['GO:0007165']
GO:BP,GO:0009790,embryo development,1.2625367124053558e-06,True,"""The process whose specific outcome is the progression of an embryo from its formation until the end of its embryonic life stage. The end of the embryonic stage is organism-specific. For example, for mammals, the process would begin with zygote formation and end with birth. For insects, the process would begin at zygote formation and end with larval hatching. For plant zygotic embryos, this would be from zygote formation to the end of seed dormancy. For plant vegetative embryos, this would be from the initial determination of the cell or group of cells to form an embryo until the point when the embryo becomes independent of the parent plant."" [GOC:go_curators, GOC:isa_complete, GOC:mtg_sensu]",1249,1217,108,25907,0.08874281018898932,0.08646917534027222,query_1,['GO:0007275']
GO:BP,GO:0009792,embryo development ending in birth or egg hatching,1.3730231901043035e-06,True,"""The process whose specific outcome is the progression of an embryo over time, from zygote formation until the end of the embryonic life stage. The end of the embryonic life stage is organism-specific and may be somewhat arbitrary; for mammals it is usually considered to be birth, for insects the hatching of the first instar larva from the eggshell."" [GOC:go_curators, GOC:isa_complete, GOC:mtg_sensu]",809,1217,79,25907,0.06491372226787182,0.09765142150803462,query_1,['GO:0009790']
GO:BP,GO:0097435,supramolecular fiber organization,1.7250491619593655e-06,True,"""A process that is carried out at the cellular level which results in the assembly, arrangement of constituent parts, or disassembly of a supramolecular fiber, a polymer consisting of an indefinite number of protein or protein complex subunits that have polymerised to form a fiber-shaped structure."" [GOC:pr]",813,1217,79,25907,0.06491372226787182,0.0971709717097171,query_1,['GO:0016043']
GO:BP,GO:0043412,macromolecule modification,2.484170444575711e-06,True,"""The covalent alteration of one or more monomeric units in a polypeptide, polynucleotide, polysaccharide, or other biological macromolecule, resulting in a change in its properties."" [GOC:go_curators]",2695,1217,193,25907,0.15858668857847166,0.07161410018552876,query_1,['GO:0043170']
GO:BP,GO:0023051,regulation of signaling,4.231780632625543e-06,True,"""Any process that modulates the frequency, rate or extent of a signaling process."" [GOC:mtg_signal]",3558,1217,240,25907,0.1972062448644207,0.06745362563237774,query_1,"['GO:0023052', 'GO:0050789']"
GO:BP,GO:0032879,regulation of localization,4.790375444502103e-06,True,"""Any process that modulates the frequency, rate or extent of any process in which a cell, a substance, or a cellular entity is transported to, or maintained in, a specific location."" [GOC:mah]",2108,1217,158,25907,0.12982744453574363,0.07495256166982922,query_1,"['GO:0050789', 'GO:0051179']"
GO:BP,GO:0009966,regulation of signal transduction,6.25336951196947e-06,True,"""Any process that modulates the frequency, rate or extent of signal transduction."" [GOC:sm]",2940,1217,205,25907,0.1684470008216927,0.06972789115646258,query_1,"['GO:0007165', 'GO:0010646', 'GO:0023051', 'GO:0048583']"
GO:BP,GO:0043009,chordate embryonic development,6.700892746798617e-06,True,"""The process whose specific outcome is the progression of the embryo over time, from zygote formation through a stage including a notochord and neural tube until birth or egg hatching."" [GOC:mtg_sensu]",793,1217,76,25907,0.062448644207066556,0.09583858764186633,query_1,['GO:0009792']
GO:BP,GO:0051254,positive regulation of RNA metabolic process,6.810413773425972e-06,True,"""Any process that activates or increases the frequency, rate or extent of the chemical reactions and pathways involving RNA."" [GOC:ai]",1813,1217,140,25907,0.11503697617091208,0.07722007722007722,query_1,"['GO:0010604', 'GO:0016070', 'GO:0045935', 'GO:0051252']"
GO:BP,GO:0010646,regulation of cell communication,7.098033535718647e-06,True,"""Any process that modulates the frequency, rate or extent of cell communication. Cell communication is the process that mediates interactions between a cell and its surroundings. Encompasses interactions such as signaling or attachment between one cell and another cell, between a cell and an extracellular matrix, or between a cell and any other aspect of its environment."" [GOC:dph, GOC:tb]",3560,1217,239,25907,0.19638455217748563,0.06713483146067416,query_1,"['GO:0007154', 'GO:0050794']"
GO:BP,GO:0051726,regulation of cell cycle,9.199811773078197e-06,True,"""Any process that modulates the rate or extent of progression through the cell cycle."" [GOC:ai, GOC:dph, GOC:tb]",1011,1217,90,25907,0.07395234182415776,0.08902077151335312,query_1,"['GO:0007049', 'GO:0050794']"
GO:BP,GO:0036211,protein modification process,1.311535008818004e-05,True,"""The covalent alteration of one or more amino acids occurring in proteins, peptides and nascent polypeptides (co-translational, post-translational modifications). Includes the modification of charged tRNAs that are destined to occur in a protein (pre-translation modification)."" [GOC:bf, GOC:jl]",2540,1217,181,25907,0.14872637633525063,0.07125984251968503,query_1,"['GO:0019538', 'GO:0043412']"
GO:BP,GO:0010556,regulation of macromolecule biosynthetic process,1.803018724549751e-05,True,"""Any process that modulates the rate, frequency or extent of the chemical reactions and pathways resulting in the formation of a macromolecule, any molecule of high relative molecular mass, the structure of which essentially comprises the multiple repetition of units derived, actually or conceptually, from molecules of low relative molecular mass."" [GOC:dph, GOC:tb]",5426,1217,336,25907,0.27608874281018897,0.061924069295982306,query_1,"['GO:0009059', 'GO:0009889', 'GO:0060255']"
GO:BP,GO:0045893,positive regulation of DNA-templated transcription,2.174011452658107e-05,True,"""Any process that activates or increases the frequency, rate or extent of cellular DNA-templated transcription."" [GOC:go_curators, GOC:txnOH]",1678,1217,130,25907,0.10682004930156122,0.07747318235995232,query_1,"['GO:0006351', 'GO:0006355', 'GO:1902680']"
GO:BP,GO:0051649,establishment of localization in cell,2.293285530219083e-05,True,"""Any process, occurring in a cell, that localizes a substance or cellular component. This may occur via movement, tethering or selective degradation."" [GOC:ai, GOC:dos, GOC:dph, GOC:tb]",2036,1217,151,25907,0.12407559572719803,0.07416502946954813,query_1,"['GO:0051234', 'GO:0051641']"
GO:BP,GO:1902680,positive regulation of RNA biosynthetic process,2.333900444907125e-05,True,"""Any process that activates or increases the frequency, rate or extent of RNA biosynthetic process."" [GO:jl, GO_REF:0000058, GOC:TermGenie]",1680,1217,130,25907,0.10682004930156122,0.07738095238095238,query_1,"['GO:0010557', 'GO:0032774', 'GO:0051254', 'GO:2001141']"
GO:BP,GO:0070887,cellular response to chemical stimulus,2.4391700053356e-05,True,"""Any process that results in a change in state or activity of a cell (in terms of movement, secretion, enzyme production, gene expression, etc.) as a result of a chemical stimulus."" [GOC:mah]",2438,1217,174,25907,0.142974527526705,0.07136997538966366,query_1,"['GO:0042221', 'GO:0051716']"
GO:BP,GO:0046907,intracellular transport,2.6836008272177636e-05,True,"""The directed movement of substances within a cell."" [GOC:ai]",1337,1217,109,25907,0.0895645028759244,0.08152580403889305,query_1,"['GO:0006810', 'GO:0051641', 'GO:0051649']"
GO:BP,GO:0006886,intracellular protein transport,2.806064098636078e-05,True,"""The directed movement of proteins in a cell, including the movement of proteins between specific compartments or structures within a cell, such as organelles of a eukaryotic cell."" [GOC:mah]",657,1217,65,25907,0.05341002465078061,0.0989345509893455,query_1,"['GO:0008104', 'GO:0015031', 'GO:0046907']"
GO:BP,GO:0010468,regulation of gene expression,3.110467630821354e-05,True,"""Any process that modulates the frequency, rate or extent of gene expression. Gene expression is the process in which a gene's coding sequence is converted into a mature gene product (protein or RNA)."" [GOC:txnOH-2018]",5318,1217,329,25907,0.2703368940016434,0.06186536291839037,query_1,"['GO:0010467', 'GO:0010556']"
GO:BP,GO:0048513,animal organ development,3.1519482369868564e-05,True,"""Development of a tissue or tissues that work together to perform a specific function or functions. Development pertains to the process whose specific outcome is the progression of a structure over time, from its formation to the mature structure. Organs are commonly observed as visibly distinct structures, but may also exist as loosely associated clusters of cells that work together to perform a specific function or functions."" [GOC:dph, GOC:jid]",3272,1217,220,25907,0.18077239112571897,0.06723716381418093,query_1,['GO:0048856']
GO:BP,GO:0071705,nitrogen compound transport,3.8362176297066683e-05,True,"""The directed movement of nitrogen-containing compounds into, out of or within a cell, or between cells, by means of some agent such as a transporter or pore."" [GOC:mah]",1949,1217,145,25907,0.11914543960558752,0.07439712673165726,query_1,['GO:0006810']
GO:BP,GO:0009653,anatomical structure morphogenesis,4.6922807033450934e-05,True,"""The process in which anatomical structures are generated and organized. Morphogenesis pertains to the creation of form."" [GOC:go_curators, ISBN:0521436125]",2781,1217,192,25907,0.15776499589153656,0.06903991370010787,query_1,"['GO:0032502', 'GO:0048856']"
GO:BP,GO:0051640,organelle localization,4.725187098957633e-05,True,"""Any process in which an organelle is transported to, and/or maintained in, a specific location."" [GOC:ai]",608,1217,61,25907,0.05012325390304026,0.10032894736842106,query_1,['GO:0051179']
GO:BP,GO:0009889,regulation of biosynthetic process,6.0418099105606984e-05,True,"""Any process that modulates the frequency, rate or extent of the chemical reactions and pathways resulting in the formation of substances."" [GOC:go_curators]",5622,1217,343,25907,0.2818405916187346,0.061010316613304874,query_1,"['GO:0009058', 'GO:0019222']"
GO:BP,GO:0048568,embryonic organ development,9.779023802664215e-05,True,"""Development, taking place during the embryonic phase, of a tissue or tissues that work together to perform a specific function or functions. Development pertains to the process whose specific outcome is the progression of a structure over time, from its formation to the mature structure. Organs are commonly observed as visibly distinct structures, but may also exist as loosely associated clusters of cells that work together to perform a specific function or functions."" [GOC:jid]",506,1217,53,25907,0.043549712407559574,0.10474308300395258,query_1,"['GO:0009790', 'GO:0048513']"
GO:BP,GO:0031399,regulation of protein modification process,0.00011151916143126484,True,"""Any process that modulates the frequency, rate or extent of the covalent alteration of one or more amino acid residues within a protein."" [GOC:mah, GOC:tb]",909,1217,80,25907,0.0657354149548069,0.08800880088008801,query_1,"['GO:0036211', 'GO:0051246']"
GO:BP,GO:0033554,cellular response to stress,0.00012351936842401468,True,"""Any process that results in a change in state or activity of a cell (in terms of movement, secretion, enzyme production, gene expression, etc.) as a result of a stimulus indicating the organism is under stress. The stress is usually, but not necessarily, exogenous (e.g. temperature, humidity, ionizing radiation)."" [GOC:mah]",1814,1217,135,25907,0.11092851273623665,0.07442116868798236,query_1,"['GO:0006950', 'GO:0051716']"
GO:BP,GO:1901700,response to oxygen-containing compound,0.00013217321494164458,True,"""Any process that results in a change in state or activity of a cell or an organism (in terms of movement, secretion, enzyme production, gene expression, etc.) as a result of an oxygen-containing compound stimulus."" [GOC:pr, GOC:TermGenie]",1971,1217,144,25907,0.11832374691865243,0.0730593607305936,query_1,['GO:0042221']
GO:BP,GO:0051656,establishment of organelle localization,0.00018771263445001727,True,"""The directed movement of an organelle to a specific location."" [GOC:ai]",474,1217,50,25907,0.041084634346754315,0.10548523206751055,query_1,"['GO:0051234', 'GO:0051640']"
GO:BP,GO:1901701,cellular response to oxygen-containing compound,0.00020446193449672137,True,"""Any process that results in a change in state or activity of a cell (in terms of movement, secretion, enzyme production, gene expression, etc.) as a result of an oxygen-containing compound stimulus."" [GOC:pr, GOC:TermGenie]",1407,1217,110,25907,0.09038619556285948,0.07818052594171997,query_1,"['GO:0070887', 'GO:1901700']"
GO:BP,GO:0032501,multicellular organismal process,0.00021432866428249363,True,"""Any biological process, occurring at the level of a multicellular organism, pertinent to its function."" [GOC:curators, GOC:dph, GOC:isa_complete, GOC:tb]",8499,1217,484,25907,0.3976992604765818,0.05694787622073185,query_1,['GO:0008150']
GO:BP,GO:0009892,negative regulation of metabolic process,0.00021487438957409354,True,"""Any process that stops, prevents, or reduces the frequency, rate or extent of the chemical reactions and pathways within a cell or an organism."" [GOC:go_curators]",3204,1217,212,25907,0.1741988496302383,0.066167290886392,query_1,"['GO:0008152', 'GO:0019222', 'GO:0048523']"
GO:BP,GO:0070925,organelle assembly,0.00024546889270155286,True,"""The aggregation, arrangement and bonding together of a set of components to form an organelle. An organelle is an organized structure of distinctive morphology and function. Includes the nucleus, mitochondria, plastids, vacuoles, vesicles, ribosomes and the cytoskeleton. Excludes the plasma membrane."" [GOC:mah]",1021,1217,86,25907,0.07066557107641742,0.0842311459353575,query_1,"['GO:0006996', 'GO:0022607']"
GO:BP,GO:0015031,protein transport,0.00026879167439573066,True,"""The directed movement of proteins into, out of or within a cell, or between cells, by means of some agent such as a transporter or pore."" [GOC:ai]",1448,1217,112,25907,0.09202958093672967,0.07734806629834254,query_1,"['GO:0045184', 'GO:0071705']"
GO:BP,GO:0006468,protein phosphorylation,0.00028919642801525136,True,"""The process of introducing a phosphate group on to a protein."" [GOC:hb]",1105,1217,91,25907,0.07477403451109285,0.08235294117647059,query_1,"['GO:0016310', 'GO:0036211']"
GO:BP,GO:0048584,positive regulation of response to stimulus,0.00033323323420814214,True,"""Any process that activates, maintains or increases the rate of a response to a stimulus. Response to stimulus is a change in state or activity of a cell or an organism (in terms of movement, secretion, enzyme production, gene expression, etc.) as a result of a stimulus."" [GOC:jid]",2336,1217,163,25907,0.13393590797041907,0.06977739726027397,query_1,"['GO:0048518', 'GO:0048583', 'GO:0050896']"
GO:BP,GO:0009894,regulation of catabolic process,0.00033801650391498625,True,"""Any process that modulates the frequency, rate, or extent of the chemical reactions and pathways resulting in the breakdown of substances."" [GOC:go_curators]",965,1217,82,25907,0.06737880032867707,0.0849740932642487,query_1,"['GO:0009056', 'GO:0019222']"
GO:BP,GO:0051049,regulation of transport,0.0003434211786314003,True,"""Any process that modulates the frequency, rate or extent of the directed movement of substances (such as macromolecules, small molecules, ions) into, out of or within a cell, or between cells, by means of some agent such as a transporter or pore."" [GOC:ai]",1709,1217,127,25907,0.10435497124075596,0.0743124634289058,query_1,"['GO:0006810', 'GO:0032879']"
GO:BP,GO:0016310,phosphorylation,0.00035155337426287514,True,"""The process of introducing a phosphate group into a molecule, usually with the formation of a phosphoric ester, a phosphoric anhydride or a phosphoric amide."" [ISBN:0198506732]",1191,1217,96,25907,0.07888249794576828,0.08060453400503778,query_1,['GO:0006796']
GO:BP,GO:0033043,regulation of organelle organization,0.00039241702504469147,True,"""Any process that modulates the frequency, rate or extent of a process involved in the formation, arrangement of constituent parts, or disassembly of an organelle."" [GOC:mah]",1145,1217,93,25907,0.07641741988496302,0.08122270742358079,query_1,"['GO:0006996', 'GO:0051128']"
GO:BP,GO:0045184,establishment of protein localization,0.000552004732160428,True,"""The directed movement of a protein to a specific location."" [GOC:bf]",1724,1217,127,25907,0.10435497124075596,0.07366589327146171,query_1,"['GO:0008104', 'GO:0051234']"
GO:BP,GO:0001932,regulation of protein phosphorylation,0.0007302260844966553,True,"""Any process that modulates the frequency, rate or extent of addition of phosphate groups into an amino acid in a protein."" [GOC:hjd]",672,1217,62,25907,0.05094494658997535,0.09226190476190477,query_1,"['GO:0006468', 'GO:0031399', 'GO:0042325']"
GO:BP,GO:0050794,regulation of cellular process,0.0007761722486365243,True,"""Any process that modulates the frequency, rate or extent of a cellular process, any of those that are carried out at the cellular level, but are not necessarily restricted to a single cell. For example, cell communication occurs among more than one cell, but occurs at the cellular level."" [GOC:go_curators]",12715,1217,682,25907,0.5603944124897289,0.053637436099095555,query_1,"['GO:0009987', 'GO:0050789']"
GO:BP,GO:0009056,catabolic process,0.0007970723594466601,True,"""A cellular process consisting of the biochemical pathways by which a living organism breaks down substances. This includes the breakdown of carbon compounds with the liberation of energy for use by the cell or organism."" [ISBN:0198547684]",2530,1217,172,25907,0.14133114215283485,0.06798418972332015,query_1,['GO:0008152']
GO:BP,GO:1902531,regulation of intracellular signal transduction,0.000820392442658246,True,"""Any process that modulates the frequency, rate or extent of intracellular signal transduction."" [GOC:dph, GOC:signaling, GOC:tb, GOC:TermGenie]",1858,1217,134,25907,0.11010682004930156,0.0721205597416577,query_1,"['GO:0009966', 'GO:0035556']"
GO:BP,GO:1901652,response to peptide,0.0009697717949891963,True,"""Any process that results in a change in state or activity of a cell or an organism (in terms of movement, secretion, enzyme production, gene expression, etc.) as a result of a peptide stimulus."" [GOC:pr, GOC:TermGenie]",1185,1217,94,25907,0.07723911257189811,0.07932489451476793,query_1,['GO:0042221']
GO:BP,GO:0000278,mitotic cell cycle,0.001131101698264768,True,"""Progression through the phases of the mitotic cell cycle, the most common eukaryotic cell cycle, which canonically comprises four successive phases called G1, S, G2, and M and includes replication of the genome and the subsequent segregation of chromosomes into daughter cells. In some variant cell cycles nuclear replication or nuclear division may not be followed by cell division, or G1 and G2 phases may be absent."" [GOC:mah, ISBN:0815316194]",835,1217,72,25907,0.05916187345932621,0.08622754491017964,query_1,['GO:0007049']
GO:BP,GO:0010605,negative regulation of macromolecule metabolic process,0.0011586131449844686,True,"""Any process that decreases the frequency, rate or extent of the chemical reactions and pathways involving macromolecules, any molecule of high relative molecular mass, the structure of which essentially comprises the multiple repetition of units derived, actually or conceptually, from molecules of low relative molecular mass."" [GOC:dph, GOC:tb]",2982,1217,196,25907,0.16105176663927692,0.06572769953051644,query_1,"['GO:0009892', 'GO:0043170', 'GO:0060255']"
GO:BP,GO:0009967,positive regulation of signal transduction,0.0012279834212934814,True,"""Any process that activates or increases the frequency, rate or extent of signal transduction."" [GOC:sm]",1578,1217,117,25907,0.0961380443714051,0.0741444866920152,query_1,"['GO:0007165', 'GO:0009966', 'GO:0010647', 'GO:0023056', 'GO:0048584']"
GO:BP,GO:0098657,import into cell,0.0012308034550026815,True,"""The directed movement of some substance from outside of a cell into a cell. This may occur via transport across the plasma membrane or via endocytosis."" [GOC:dos]",900,1217,76,25907,0.062448644207066556,0.08444444444444445,query_1,['GO:0006810']
GO:BP,GO:0019219,regulation of nucleobase-containing compound metabolic process,0.0012508404819269587,True,"""Any cellular process that modulates the frequency, rate or extent of the chemical reactions and pathways involving nucleobases, nucleosides, nucleotides and nucleic acids."" [GOC:go_curators]",3842,1217,242,25907,0.1988496302382909,0.06298802706923477,query_1,"['GO:0006139', 'GO:0080090']"
GO:BP,GO:0048468,cell development,0.001488256018032538,True,"""The cellular developmental process in which a specific cell progresses from an immature to a mature state. Cell development start once cell commitment has taken place."" [GOC:go_curators]",3233,1217,209,25907,0.17173377156943304,0.06464583977729663,query_1,"['GO:0030154', 'GO:0048856', 'GO:0048869']"
GO:BP,GO:0034097,response to cytokine,0.001746850357878084,True,"""Any process that results in a change in state or activity of a cell or an organism (in terms of movement, secretion, enzyme production, gene expression, etc.) as a result of a cytokine stimulus."" [GOC:sl]",1168,1217,92,25907,0.07559572719802794,0.07876712328767123,query_1,['GO:1901652']
GO:BP,GO:0065007,biological regulation,0.0017641462598976204,True,"""Any process that modulates a measurable attribute of any biological process, quality or function."" [GOC:dph, GOC:isa_complete, GOC:mah, GOC:pr, GOC:vw]",13503,1217,716,25907,0.5883319638455218,0.05302525364733763,query_1,['GO:0008150']
GO:BP,GO:0010647,positive regulation of cell communication,0.0018911999652485509,True,"""Any process that increases the frequency, rate or extent of cell communication. Cell communication is the process that mediates interactions between a cell and its surroundings. Encompasses interactions such as signaling or attachment between one cell and another cell, between a cell and an extracellular matrix, or between a cell and any other aspect of its environment."" [GOC:dph, GOC:tb]",1957,1217,138,25907,0.11339359079704191,0.07051609606540624,query_1,"['GO:0007154', 'GO:0010646', 'GO:0048522']"
GO:BP,GO:0023056,positive regulation of signaling,0.0018911999652485509,True,"""Any process that activates, maintains or increases the frequency, rate or extent of a signaling process."" [GOC:mtg_signal]",1957,1217,138,25907,0.11339359079704191,0.07051609606540624,query_1,"['GO:0023051', 'GO:0023052', 'GO:0048518']"
GO:BP,GO:1903047,mitotic cell cycle process,0.0019435314246404104,True,"""A process that is part of the mitotic cell cycle."" [GO_REF:0000060, GOC:mtg_cell_cycle, GOC:TermGenie]",707,1217,63,25907,0.051766639276910435,0.0891089108910891,query_1,"['GO:0000278', 'GO:0022402']"
GO:BP,GO:0050789,regulation of biological process,0.0021115177031766196,True,"""Any process that modulates the frequency, rate or extent of a biological process. Biological processes are regulated by many means; examples include the control of gene expression, protein modification or interaction with a protein or substrate molecule."" [GOC:ai, GOC:go_curators]",13108,1217,697,25907,0.5727198027937551,0.05317363442172719,query_1,"['GO:0008150', 'GO:0065007']"
GO:BP,GO:0040008,regulation of growth,0.002283435166829053,True,"""Any process that modulates the frequency, rate or extent of the growth of all or part of an organism so that it occurs at its proper speed, either globally or in a specific part of the organism's development."" [GOC:ems, GOC:mah]",634,1217,58,25907,0.047658175842235,0.0914826498422713,query_1,"['GO:0040007', 'GO:0050789']"
GO:BP,GO:0072677,eosinophil migration,0.0023257623325172784,True,"""The movement of an eosinophil within or between different tissues and organs of the body."" [CL:0000771, GOC:BHF, GOC:mah]",25,1217,9,25907,0.007395234182415777,0.36,query_1,['GO:0097530']
GO:BP,GO:0065008,regulation of biological quality,0.0023695362837404836,True,"""Any process that modulates a qualitative or quantitative trait of a biological quality. A biological quality is a measurable attribute of an organism or part of an organism, such as size, mass, shape, color, etc."" [GOC:dph, GOC:isa_complete, GOC:mah, GOC:pr, GOC:vw]",3180,1217,205,25907,0.1684470008216927,0.06446540880503145,query_1,['GO:0065007']
GO:BP,GO:0141124,intracellular signaling cassette,0.002418376260313613,True,"""An intracellular signaling module that is part of larger signaling pathways that can be initiated either intracellularly or by cell surface receptors. Intracellular signaling cassettes are discrete signaling units that are often shared by multiple signaling pathways."" [GOC:ha, GOC:pg]",1773,1217,127,25907,0.10435497124075596,0.07163000564015792,query_1,['GO:0035556']
GO:BP,GO:0071345,cellular response to cytokine stimulus,0.00253461863300399,True,"""Any process that results in a change in state or activity of a cell (in terms of movement, secretion, enzyme production, gene expression, etc.) as a result of a cytokine stimulus."" [GOC:mah]",1063,1217,85,25907,0.06984387838948233,0.0799623706491063,query_1,['GO:0034097']
GO:BP,GO:0006897,endocytosis,0.0030950161894789715,True,"""A vesicle-mediated transport process in which cells take up external materials or membrane constituents by the invagination of a part of the plasma membrane to form a new membrane-bounded vesicle."" [GOC:mah, ISBN:0198506732, ISBN:0716731363, Wikipedia:Endocytosis]",686,1217,61,25907,0.05012325390304026,0.08892128279883382,query_1,"['GO:0016192', 'GO:0098657']"
GO:BP,GO:0042325,regulation of phosphorylation,0.003260882609360636,True,"""Any process that modulates the frequency, rate or extent of addition of phosphate groups into a molecule."" [GOC:jl]",718,1217,63,25907,0.051766639276910435,0.08774373259052924,query_1,"['GO:0016310', 'GO:0019220']"
GO:BP,GO:0045944,positive regulation of transcription by RNA polymerase II,0.0032965422497907354,True,"""Any process that activates or increases the frequency, rate or extent of transcription from an RNA polymerase II promoter."" [GOC:go_curators, GOC:txnOH]",1286,1217,98,25907,0.08052588331963846,0.07620528771384137,query_1,"['GO:0006357', 'GO:0006366', 'GO:0045893']"
GO:BP,GO:0019220,regulation of phosphate metabolic process,0.0034664183716332443,True,"""Any process that modulates the frequency, rate or extent of the chemical reactions and pathways involving phosphates."" [GOC:go_curators]",845,1217,71,25907,0.05834018077239113,0.08402366863905325,query_1,"['GO:0006796', 'GO:0051174']"
GO:BP,GO:0001701,in utero embryonic development,0.0035941606168837627,True,"""The process whose specific outcome is the progression of the embryo in the uterus over time, from formation of the zygote in the oviduct, to birth. An example of this process is found in Mus musculus."" [GOC:go_curators, GOC:mtg_sensu]",523,1217,50,25907,0.041084634346754315,0.09560229445506692,query_1,['GO:0043009']
GO:BP,GO:0043687,post-translational protein modification,0.003739664603199638,True,"""The process of covalently altering one or more amino acids in a protein after the protein has been completely translated and released from the ribosome."" [GOC:jsg]",943,1217,77,25907,0.06327033689400165,0.0816542948038176,query_1,['GO:0036211']
GO:BP,GO:0051174,regulation of phosphorus metabolic process,0.003771172899098721,True,"""Any process that modulates the frequency, rate or extent of the chemical reactions and pathways involving phosphorus or compounds containing phosphorus."" [GOC:ai]",847,1217,71,25907,0.05834018077239113,0.08382526564344746,query_1,"['GO:0006793', 'GO:0019222']"
GO:BP,GO:0051668,localization within membrane,0.00399628943308193,True,"""Any process in which a substance or cellular entity, such as a protein complex or organelle, is transported to, and/or maintained in, a specific location within a membrane."" [GOC:ai]",738,1217,64,25907,0.05258833196384552,0.08672086720867209,query_1,['GO:0051641']
GO:BP,GO:0070647,protein modification by small protein conjugation or removal,0.004632756797462109,True,"""A protein modification process in which one or more groups of a small protein, such as ubiquitin or a ubiquitin-like protein, are covalently attached to or removed from a target protein."" [GOC:mah]",900,1217,74,25907,0.06080525883319639,0.08222222222222222,query_1,['GO:0043687']
GO:BP,GO:0001558,regulation of cell growth,0.004728177077357513,True,"""Any process that modulates the frequency, rate, extent or direction of cell growth."" [GOC:go_curators]",426,1217,43,25907,0.03533278553820871,0.10093896713615023,query_1,"['GO:0016049', 'GO:0040008', 'GO:0051128']"
GO:BP,GO:0051247,positive regulation of protein metabolic process,0.00480090851665223,True,"""Any process that activates or increases the frequency, rate or extent of the chemical reactions and pathways involving a protein."" [GOC:ai]",917,1217,75,25907,0.06162695152013147,0.08178844056706652,query_1,"['GO:0010604', 'GO:0019538', 'GO:0051246']"
GO:BP,GO:0140352,export from cell,0.005417073844288086,True,"""The directed movement of some substance from a cell, into the extracellular region. This may occur via transport across the plasma membrane or via exocytosis."" [GOC:pg]",985,1217,79,25907,0.06491372226787182,0.08020304568527918,query_1,"['GO:0006810', 'GO:0009987']"
GO:BP,GO:0140694,membraneless organelle assembly,0.005435516345106797,True,"""The aggregation, arrangement and bonding together of a set of components to form a non-membrane-bounded organelle."" [PMID:28225081]",414,1217,42,25907,0.03451109285127362,0.10144927536231885,query_1,['GO:0070925']
GO:BP,GO:0016049,cell growth,0.006820219114214092,True,"""The process in which a cell irreversibly increases in size over time by accretion and biosynthetic production of matter similar to that already present."" [GOC:ai]",520,1217,49,25907,0.04026294165981923,0.09423076923076923,query_1,"['GO:0009987', 'GO:0040007']"
GO:BP,GO:0048245,eosinophil chemotaxis,0.008555758746712232,True,"""The movement of an eosinophil in response to an external stimulus."" [GOC:jid, PMID:11292027, PMID:12391252]",22,1217,8,25907,0.00657354149548069,0.36363636363636365,query_1,"['GO:0071621', 'GO:0072677']"
GO:BP,GO:0016567,protein ubiquitination,0.00903652368403602,True,"""The process in which one or more ubiquitin groups are added to a protein."" [PMID:26906419]",725,1217,62,25907,0.05094494658997535,0.08551724137931034,query_1,['GO:0032446']
GO:BP,GO:0051252,regulation of RNA metabolic process,0.00913857317067551,True,"""Any process that modulates the frequency, rate or extent of the chemical reactions and pathways involving RNA."" [GOC:ai]",3545,1217,221,25907,0.18159408381265407,0.06234132581100141,query_1,"['GO:0016070', 'GO:0019219', 'GO:0060255']"
GO:BP,GO:0010628,positive regulation of gene expression,0.009313529120947546,True,"""Any process that increases the frequency, rate or extent of gene expression. Gene expression is the process in which a gene's coding sequence is converted into a mature gene product (protein or RNA)."" [GOC:txnOH-2018]",1216,1217,92,25907,0.07559572719802794,0.0756578947368421,query_1,"['GO:0010467', 'GO:0010468', 'GO:0010557']"
GO:BP,GO:0051239,regulation of multicellular organismal process,0.009958232842086256,True,"""Any process that modulates the frequency, rate or extent of a multicellular organismal process, the processes pertinent to the function of a multicellular organism above the cellular level; includes the integrated processes of tissues and organs."" [GOC:ai, GOC:dph, GOC:tb]",3080,1217,196,25907,0.16105176663927692,0.06363636363636363,query_1,"['GO:0032501', 'GO:0050789']"
GO:BP,GO:0071495,cellular response to endogenous stimulus,0.010044219752392274,True,"""Any process that results in a change in state or activity of a cell (in terms of movement, secretion, enzyme production, gene expression, etc.) as a result of a stimulus arising within the organism."" [GOC:mah]",1303,1217,97,25907,0.07970419063270337,0.07444359171143515,query_1,['GO:0009719']
GO:BP,GO:0060429,epithelium development,0.012556343302366955,True,"""The process whose specific outcome is the progression of an epithelium over time, from its formation to the mature structure. An epithelium is a tissue that covers the internal or external surfaces of an anatomical structure."" [GOC:dph, GOC:mtg_lung]",1293,1217,96,25907,0.07888249794576828,0.07424593967517401,query_1,['GO:0009888']
GO:BP,GO:0051129,negative regulation of cellular component organization,0.01442034534829156,True,"""Any process that stops, prevents, or reduces the frequency, rate or extent of a process involved in the formation, arrangement of constituent parts, or disassembly of cell structures, including the plasma membrane and any external encapsulating structures such as the cell wall and cell envelope."" [GOC:ai]",720,1217,61,25907,0.05012325390304026,0.08472222222222223,query_1,"['GO:0016043', 'GO:0048523', 'GO:0051128']"
GO:BP,GO:0032446,protein modification by small protein conjugation,0.014670423895337275,True,"""A protein modification process in which one or more groups of a small protein, such as ubiquitin or a ubiquitin-like protein, are covalently attached to a target protein."" [GOC:mah]",784,1217,65,25907,0.05341002465078061,0.08290816326530612,query_1,['GO:0070647']
GO:BP,GO:0030029,actin filament-based process,0.015921177161574374,True,"""Any cellular process that depends upon or alters the actin cytoskeleton, that part of the cytoskeleton comprising actin filaments and their associated proteins."" [GOC:mah]",786,1217,65,25907,0.05341002465078061,0.08269720101781171,query_1,['GO:0009987']
GO:BP,GO:0022008,neurogenesis,0.01614473428917043,True,"""Generation of cells within the nervous system."" [GO_REF:0000021, GOC:cls, GOC:curators, GOC:dgh, GOC:dph, GOC:jid]",1931,1217,132,25907,0.10846343467543139,0.0683583635422061,query_1,"['GO:0007399', 'GO:0030154']"
GO:BP,GO:1905477,positive regulation of protein localization to membrane,0.016255824782968838,True,"""Any process that activates or increases the frequency, rate or extent of protein localization to membrane."" [GO_REF:0000058, GOC:bc, GOC:PARL, GOC:TermGenie, PMID:26911690]",116,1217,18,25907,0.014790468364831553,0.15517241379310345,query_1,"['GO:0072657', 'GO:1903829', 'GO:1905475']"
GO:BP,GO:0006357,regulation of transcription by RNA polymerase II,0.018674363521002855,True,"""Any process that modulates the frequency, rate or extent of transcription mediated by RNA polymerase II."" [GOC:go_curators, GOC:txnOH]",2462,1217,161,25907,0.1322925225965489,0.06539398862713242,query_1,"['GO:0006355', 'GO:0006366']"
GO:BP,GO:1902533,positive regulation of intracellular signal transduction,0.01914963406487087,True,"""Any process that activates or increases the frequency, rate or extent of intracellular signal transduction."" [GOC:BHF, GOC:dph, GOC:signaling, GOC:tb, GOC:TermGenie]",1103,1217,84,25907,0.06902218570254724,0.07615593834995467,query_1,"['GO:0009967', 'GO:0035556', 'GO:1902531']"
GO:BP,GO:0031667,response to nutrient levels,0.0195704343212943,True,"""Any process that results in a change in state or activity of a cell or an organism (in terms of movement, secretion, enzyme production, gene expression, etc.) as a result of a stimulus reflecting the presence, absence, or concentration of nutrients."" [GOC:mah]",571,1217,51,25907,0.0419063270336894,0.0893169877408056,query_1,['GO:0050896']
GO:BP,GO:0010564,regulation of cell cycle process,0.021781941968392143,True,"""Any process that modulates a cellular process that is involved in the progression of biochemical and morphological phases and events that occur in a cell during successive cell replication or nuclear replication events."" [GOC:dph, GOC:tb]",698,1217,59,25907,0.04847986852917009,0.08452722063037249,query_1,"['GO:0022402', 'GO:0051726']"
GO:BP,GO:0009890,negative regulation of biosynthetic process,0.0227360989452893,True,"""Any process that stops, prevents, or reduces the rate of the chemical reactions and pathways resulting in the formation of substances."" [GOC:go_curators]",2692,1217,173,25907,0.14215283483976993,0.06426448736998513,query_1,"['GO:0009058', 'GO:0009889', 'GO:0009892']"
GO:BP,GO:0072359,circulatory system development,0.02529360012235297,True,"""The process whose specific outcome is the progression of the circulatory system over time, from its formation to the mature structure. The circulatory system is the organ system that passes nutrients (such as amino acids and electrolytes), gases, hormones, blood cells, etc. to and from cells in the body to help fight diseases and help stabilize body temperature and pH to maintain homeostasis."" [GOC:mah, UBERON:0001009]",1230,1217,91,25907,0.07477403451109285,0.07398373983739838,query_1,['GO:0048731']
GO:BP,GO:0061024,membrane organization,0.025894511961780282,True,"""A process which results in the assembly, arrangement of constituent parts, or disassembly of a membrane. A membrane is a double layer of lipid molecules that encloses all cells, and, in eukaryotes, many organelles; may be a single or double lipid bilayer; also includes associated proteins."" [GOC:dph, GOC:tb]",782,1217,64,25907,0.05258833196384552,0.08184143222506395,query_1,['GO:0016043']
GO:BP,GO:0000165,MAPK cascade,0.02594238052072716,True,"""An intracellular protein kinase cascade containing at least a MAP kinase (MAPK). It starts with the activation of a MAP3K, and the consecutive activation of a MPK2K and a MAPK. The cascade can also contain an additional tier: the upstream MAP4K. The kinases in each tier phosphorylate and activate the kinase in the downstream tier to transmit a signal within a cell."" [PMID:20811974, PMID:9561267]",718,1217,60,25907,0.049301561216105176,0.08356545961002786,query_1,['GO:0141124']
GO:BP,GO:0006936,muscle contraction,0.02652085679874494,True,"""A process in which force is generated within muscle tissue, resulting in a change in muscle geometry. Force generation involves a chemo-mechanical energy conversion step that is carried out by the actin/myosin complex activity, which generates force through ATP hydrolysis."" [GOC:ef, GOC:mtg_muscle, ISBN:0198506732]",312,1217,33,25907,0.027115858668857847,0.10576923076923077,query_1,['GO:0003012']
GO:BP,GO:0006366,transcription by RNA polymerase II,0.02685276727179541,True,"""The synthesis of RNA from a DNA template by RNA polymerase II (RNAP II), originating at an RNA polymerase II promoter. Includes transcription of messenger RNA (mRNA) and certain small nuclear RNAs (snRNAs)."" [GOC:jl, GOC:txnOH, ISBN:0321000382]",2552,1217,165,25907,0.13557929334428923,0.06465517241379311,query_1,['GO:0006351']
GO:BP,GO:0071364,cellular response to epidermal growth factor stimulus,0.027486401940148016,True,"""Any process that results in a change in state or activity of a cell (in terms of movement, secretion, enzyme production, gene expression, etc.) as a result of an epidermal growth factor stimulus."" [GOC:mah]",49,1217,11,25907,0.009038619556285949,0.22448979591836735,query_1,"['GO:0070849', 'GO:0071363']"
GO:BP,GO:0006869,lipid transport,0.027488759216658103,True,"""The directed movement of lipids into, out of or within a cell, or between cells, by means of some agent such as a transporter or pore. Lipids are compounds soluble in an organic solvent but not, or sparingly, in an aqueous solvent."" [ISBN:0198506732]",442,1217,42,25907,0.03451109285127362,0.09502262443438914,query_1,"['GO:0006810', 'GO:0010876']"
GO:BP,GO:0019637,organophosphate metabolic process,0.027827315037374994,True,"""The chemical reactions and pathways involving organophosphates, any phosphate-containing organic compound."" [ISBN:0198506732]",1047,1217,80,25907,0.0657354149548069,0.07640878701050621,query_1,['GO:0006793']
GO:BP,GO:1901699,cellular response to nitrogen compound,0.02809363735114844,True,"""Any process that results in a change in state or activity of a cell (in terms of movement, secretion, enzyme production, gene expression, etc.) as a result of a nitrogen compound stimulus."" [GOC:pr, GOC:TermGenie]",704,1217,59,25907,0.04847986852917009,0.08380681818181818,query_1,"['GO:0070887', 'GO:1901698']"
GO:BP,GO:0010558,negative regulation of macromolecule biosynthetic process,0.02902708123555439,True,"""Any process that decreases the rate, frequency or extent of the chemical reactions and pathways resulting in the formation of a macromolecule, any molecule of high relative molecular mass, the structure of which essentially comprises the multiple repetition of units derived, actually or conceptually, from molecules of low relative molecular mass."" [GOC:dph, GOC:tb]",2611,1217,168,25907,0.13804437140509448,0.064343163538874,query_1,"['GO:0009059', 'GO:0009890', 'GO:0010556', 'GO:0010605']"
GO:BP,GO:0050885,neuromuscular process controlling balance,0.02986337475398006,True,"""Any process that an organism uses to control its balance, the orientation of the organism (or the head of the organism) in relation to the source of gravity. In humans and animals, balance is perceived through visual cues, the labyrinth system of the inner ears and information from skin pressure receptors and muscle and joint receptors."" [GOC:ai, GOC:dph]",68,1217,13,25907,0.010682004930156122,0.19117647058823528,query_1,['GO:0050905']
GO:BP,GO:0048585,negative regulation of response to stimulus,0.031766314731102654,True,"""Any process that stops, prevents, or reduces the frequency, rate or extent of a response to a stimulus. Response to stimulus is a change in state or activity of a cell or an organism (in terms of movement, secretion, enzyme production, gene expression, etc.) as a result of a stimulus."" [GOC:jid]",1655,1217,115,25907,0.09449465899753492,0.06948640483383686,query_1,"['GO:0048519', 'GO:0048583', 'GO:0050896']"
GO:BP,GO:0060341,regulation of cellular localization,0.03207839498396931,True,"""Any process that modulates the frequency, rate or extent of a process in which a cell, a substance, or a cellular entity is transported to, or maintained in a specific location within or in the membrane of a cell."" [GOC:dph, GOC:tb]",1068,1217,81,25907,0.06655710764174198,0.07584269662921349,query_1,"['GO:0032879', 'GO:0050794', 'GO:0051641']"
GO:BP,GO:0042594,response to starvation,0.03450888313319886,True,"""Any process that results in a change in state or activity of a cell or an organism (in terms of movement, secretion, enzyme production, gene expression, etc.) as a result of a starvation stimulus, deprivation of nourishment."" [GOC:go_curators]",221,1217,26,25907,0.021364009860312245,0.11764705882352941,query_1,"['GO:0006950', 'GO:0031667']"
GO:BP,GO:0031401,positive regulation of protein modification process,0.035901123170222024,True,"""Any process that activates or increases the frequency, rate or extent of the covalent alteration of one or more amino acid residues within a protein."" [GOC:mah, GOC:tb]",553,1217,49,25907,0.04026294165981923,0.08860759493670886,query_1,"['GO:0031399', 'GO:0036211', 'GO:0051247']"
GO:BP,GO:0048285,organelle fission,0.039760703158395076,True,"""The creation of two or more organelles by division of one organelle."" [GOC:jid]",494,1217,45,25907,0.03697617091207888,0.09109311740890688,query_1,['GO:0006996']
GO:BP,GO:0030036,actin cytoskeleton organization,0.04074953091352825,True,"""A process that is carried out at the cellular level which results in the assembly, arrangement of constituent parts, or disassembly of cytoskeletal structures comprising actin filaments and their associated proteins."" [GOC:dph, GOC:jl, GOC:mah]",697,1217,58,25907,0.047658175842235,0.08321377331420372,query_1,"['GO:0007010', 'GO:0030029']"
GO:BP,GO:0001775,cell activation,0.04079509344947614,True,"""A multicellular organismal process by which exposure to an activating factor such as a cellular or soluble ligand results in a change in the morphology or behavior of a cell."" [GOC:mgi_curators]",1143,1217,85,25907,0.06984387838948233,0.07436570428696412,query_1,"['GO:0009987', 'GO:0032501']"
GO:BP,GO:0006355,regulation of DNA-templated transcription,0.04093281822616293,True,"""Any process that modulates the frequency, rate or extent of cellular DNA-templated transcription."" [GOC:go_curators, GOC:txnOH]",3283,1217,203,25907,0.16680361544782252,0.06183368869936034,query_1,"['GO:0006351', 'GO:0010468', 'GO:2001141']"
GO:BP,GO:0050793,regulation of developmental process,0.04634604274678635,True,"""Any process that modulates the frequency, rate or extent of development, the biological process whose specific outcome is the progression of a multicellular organism over time from an initial condition (e.g. a zygote, or a young adult) to a later condition (e.g. a multicellular animal or an aged adult)."" [GOC:go_curators]",2689,1217,171,25907,0.14050944946589974,0.06359241353663071,query_1,"['GO:0032502', 'GO:0050789']"
GO:BP,GO:0048729,tissue morphogenesis,0.047550474320069154,True,"""The process in which the anatomical structures of a tissue are generated and organized."" [GOC:dph, GOC:jid]",653,1217,55,25907,0.04519309778142974,0.08422664624808576,query_1,"['GO:0009653', 'GO:0009888']"
GO:BP,GO:1901798,positive regulation of signal transduction by p53 class mediator,0.04814687699142339,True,"""Any process that activates or increases the frequency, rate or extent of signal transduction by p53 class mediator."" [GOC:TermGenie]",27,1217,8,25907,0.00657354149548069,0.2962962962962963,query_1,"['GO:0072331', 'GO:1901796', 'GO:1902533']"
GO:BP,GO:0032940,secretion by cell,0.04831582971753373,True,"""The controlled release of a substance by a cell."" [GOC:mah]",913,1217,71,25907,0.05834018077239113,0.07776560788608981,query_1,"['GO:0046903', 'GO:0140352']"
GO:BP,GO:2001141,regulation of RNA biosynthetic process,0.048432764653353784,True,"""Any process that modulates the frequency, rate or extent of RNA biosynthetic process."" [GOC:dph]",3292,1217,203,25907,0.16680361544782252,0.06166464155528554,query_1,"['GO:0010556', 'GO:0032774', 'GO:0051252']"
GO:BP,GO:0006351,DNA-templated transcription,0.04860332398749295,True,"""The synthesis of an RNA transcript from a DNA template."" [GOC:jl, GOC:txnOH]",3406,1217,209,25907,0.17173377156943304,0.061362301820317086,query_1,"['GO:0010467', 'GO:0032774']"
