Семейство,Ген
ARID4A,CAI9714888.1
ARID4A,CAI9714889.1
ARID4A,CAI9718675.1
ARID4A,CAI9718676.1
ARID4A,CAI9719588.1
ARID4A,CAI9719589.1
ARID4A,CAI9723401.1
ARID4A,CAI9726201.1
ARID4A,CAI9730948.1
ARID4A,CAI9730949.1
ARID4A,CAI9731215.1
ARID4A,CAI9734578.1
ARID4A,CAI9734579.1
ARID4A,CAI9734580.1
ARID4A,CAI9734581.1
ARID4A,CAI9735711.1
ARID4A,CAI9735712.1
ARID4A,CAI9735713.1
ARID4A,CAI9735714.1
ARID4A,CAI9735715.1
ARID4A,CAI9735716.1
ARID4A,CAI9735717.1
ARID4A,CAI9735718.1
ARID4A,CAI9735719.1
ARID4A,CAI9735720.1
ARID4A,CAI9741880.1
ARID4A,CAI9741881.1
ARID4A,CAI9741882.1
ARID4A,CAI9741883.1
ARID4A,CAI9741884.1
ARID4B,CAI9714888.1
ARID4B,CAI9714889.1
ARID4B,CAI9718675.1
ARID4B,CAI9718676.1
ARID4B,CAI9719588.1
ARID4B,CAI9719589.1
ARID4B,CAI9723401.1
ARID4B,CAI9726201.1
ARID4B,CAI9730948.1
ARID4B,CAI9730949.1
ARID4B,CAI9731215.1
ARID4B,CAI9734578.1
ARID4B,CAI9734579.1
ARID4B,CAI9734580.1
ARID4B,CAI9734581.1
ARID4B,CAI9735711.1
ARID4B,CAI9735712.1
ARID4B,CAI9735713.1
ARID4B,CAI9735714.1
ARID4B,CAI9735715.1
ARID4B,CAI9735716.1
ARID4B,CAI9735717.1
ARID4B,CAI9735718.1
ARID4B,CAI9735719.1
ARID4B,CAI9735720.1
ARID4B,CAI9741880.1
ARID4B,CAI9741881.1
ARID4B,CAI9741882.1
ARID4B,CAI9741883.1
ARID4B,CAI9741884.1
ASH2L,CAI9715737.1
ASH2L,CAI9715753.1
ASH2L,CAI9715754.1
ASH2L,CAI9715900.1
ASH2L,CAI9719950.1
ASH2L,CAI9721225.1
ASH2L,CAI9721226.1
ASH2L,CAI9722777.1
ASH2L,CAI9724450.1
ASH2L,CAI9724451.1
ASH2L,CAI9729939.1
ASH2L,CAI9730127.1
ASH2L,CAI9730128.1
ASH2L,CAI9730129.1
ASH2L,CAI9731342.1
ASH2L,CAI9733609.1
ASH2L,CAI9736983.1
ASH2L,CAI9736984.1
ASH2L,CAI9738338.1
ASH2L,CAI9738339.1
ATXN7,CAI9724384.1
ATXN7,CAI9724385.1
BRE,CAI9729682.1
BRPF3,CAI9715056.1
BRPF3,CAI9715504.1
BRPF3,CAI9717083.1
BRPF3,CAI9717084.1
BRPF3,CAI9717085.1
BRPF3,CAI9717086.1
BRPF3,CAI9717820.1
BRPF3,CAI9717821.1
BRPF3,CAI9717822.1
BRPF3,CAI9719327.1
BRPF3,CAI9719328.1
BRPF3,CAI9719329.1
BRPF3,CAI9719330.1
BRPF3,CAI9719331.1
BRPF3,CAI9719332.1
BRPF3,CAI9719333.1
BRPF3,CAI9719334.1
BRPF3,CAI9719335.1
BRPF3,CAI9719336.1
BRPF3,CAI9719337.1
BRPF3,CAI9719338.1
BRPF3,CAI9719339.1
BRPF3,CAI9719340.1
BRPF3,CAI9719341.1
BRPF3,CAI9719342.1
BRPF3,CAI9720824.1
BRPF3,CAI9720825.1
BRPF3,CAI9720827.1
BRPF3,CAI9720828.1
BRPF3,CAI9720918.1
BRPF3,CAI9720919.1
BRPF3,CAI9720920.1
BRPF3,CAI9721069.1
BRPF3,CAI9721219.1
BRPF3,CAI9721220.1
BRPF3,CAI9721221.1
BRPF3,CAI9721222.1
BRPF3,CAI9724164.1
BRPF3,CAI9724240.1
BRPF3,CAI9727372.1
BRPF3,CAI9728148.1
BRPF3,CAI9728149.1
BRPF3,CAI9728298.1
BRPF3,CAI9728471.1
BRPF3,CAI9728472.1
BRPF3,CAI9728473.1
BRPF3,CAI9730508.1
BRPF3,CAI9731477.1
BRPF3,CAI9731478.1
BRPF3,CAI9731479.1
BRPF3,CAI9731480.1
BRPF3,CAI9731481.1
BRPF3,CAI9731859.1
BRPF3,CAI9732150.1
BRPF3,CAI9732151.1
BRPF3,CAI9732152.1
BRPF3,CAI9732153.1
BRPF3,CAI9732859.1
BRPF3,CAI9733893.1
BRPF3,CAI9734048.1
BRPF3,CAI9734049.1
BRPF3,CAI9734050.1
BRPF3,CAI9734276.1
BRPF3,CAI9734277.1
BRPF3,CAI9734653.1
BRPF3,CAI9734806.1
BRPF3,CAI9735176.1
BRPF3,CAI9735197.1
BRPF3,CAI9735668.1
BRPF3,CAI9736128.1
BRPF3,CAI9736476.1
BRPF3,CAI9736477.1
BRPF3,CAI9736478.1
BRPF3,CAI9736938.1
BRPF3,CAI9736939.1
BRPF3,CAI9737782.1
BRPF3,CAI9738520.1
BRPF3,CAI9738724.1
BRPF3,CAI9740683.1
BRPF3,CAI9740954.1
BRPF3,CAI9740955.1
BRPF3,CAI9741206.1
BRPF3,CAI9744273.1
BRPF3,CAI9744274.1
BRPF3,CAI9744414.1
C11orf30,CAI9736938.1
C11orf30,CAI9736939.1
CDC73,CAI9716167.1
CDC73,CAI9716168.1
CLNS1A,CAI9716797.1
CTBP2,CAI9715454.1
CTBP2,CAI9715455.1
CTBP2,CAI9720356.1
CTBP2,CAI9728276.1
CTBP2,CAI9728277.1
CTBP2,CAI9728365.1
CTBP2,CAI9729402.1
CTBP2,CAI9729403.1
CTBP2,CAI9730924.1
CTBP2,CAI9731416.1
CTBP2,CAI9732922.1
CTBP2,CAI9732923.1
CTBP2,CAI9732924.1
CTBP2,CAI9732925.1
CTBP2,CAI9732926.1
CTBP2,CAI9732927.1
CTBP2,CAI9732928.1
CTBP2,CAI9732929.1
CTBP2,CAI9732930.1
CTBP2,CAI9732931.1
CTBP2,CAI9732932.1
CTBP2,CAI9737386.1
CTBP2,CAI9737387.1
CTBP2,CAI9737388.1
CTBP2,CAI9737389.1
CTBP2,CAI9737674.1
CTBP2,CAI9737675.1
CTBP2,CAI9737676.1
